iter,particle,ts_scaling,ts_cutoff,u0,u1,loss
0,0,0.2054507143448424,0.2694478856121585,1.2714130362747478,1.3208738306721524,0.6455736973511995
0,1,0.0951974160786391,0.4292571320313611,1.6471012418532476,0.8838548318203734,0.7072158766915838
1,0,0.2054507143448424,0.2694478856121585,1.2714130362747478,1.3208738306721524,0.7853216755742041
1,1,0.1705926400028154,0.3096989657875371,1.2944155928912815,1.2516526143979418,0.928771118538148
2,0,0.20545071434484247,0.2694478856121585,1.2714130362747478,1.3208738306721524,0.8541320124305316
2,1,0.20955677708954945,0.24583682715302813,1.2657727477717124,1.3220350660228362,0.6159446974657675
