iter,particle,ts_scaling,ts_cutoff,u0,u1,loss
0,0,0.8616138364589581,0.3643250155538241,0.652297229678239,1.7653251620827337,0.4010061677053296
0,1,0.6263296913557235,0.4156947875798719,0.9899094083780361,1.3836758415832602,0.9807827690146969
1,0,0.8616138364589581,0.3643250155538241,0.652297229678239,1.7653251620827337,0.9642660472736655
1,1,0.7826364548922422,0.25569478757987185,0.5899094083780361,1.78367584158326,0.9462137135921378
